technology,Google Android SDK for smartwatches and wearaBles arriving this month
business,Stocks lower on discouraging news from Asia
business,3 Predictions for the New Week
technology,iOS 17 is Out
medicine,L.I. Hospital Says Thousands Of Patients May Be At Risk Of Blood Contamination
business,Stocks down on discouraging news from Asia
medicine,PossiBle Blood Contamination at a LI Hospital
technology,Microsoft cutting 18000 joBs, signals new path CBS 3 Springfield 
technology,Microsoft cutting 18000 joBs
business,Price Falls
technology,
business,Australian Bitcoin traders Burnt in Mt.Gox crash
technology,Google: An SDK for Android wearaBles is coming after two weeks
medicine,Blood test to predict Alzheimer's disease developed
business,Stocks fall on discouraging news from Asia
business,As Transit DeBate Continues, New Report Suggests High Demand
medicine,South Nassau Hospital alerting 4247 patients of possible blood contamination
medicine,Blood test can predict Alzheimer's
medicine,Drug Recall
technology,Microsoft cutting 18000 joBs, signals new path
technology,Google Announces New Android Apps
